source;target;length;num_lines;type_seg;direction;right_node;left_node
2;34;0.057;1;3;1;0;0
2;591;0.004;1;3;-1;0;0
3;4;0.111;1;3;-1;555;103
3;6;0.11;1;3;1;104;207
3;102;0.12;1;3;1;103;104
3;145;0.123;1;3;-1;207;555
4;3;0.111;1;3;1;102;145
4;5;0.117;1;3;-1;69;66
4;103;0.12;1;3;-1;0;102
4;555;0.123;1;3;1;145;69
5;4;0.117;1;3;1;103;555
5;9;0.104;1;3;-1;30;32
5;66;0.117;1;3;1;32;0
5;69;0.124;1;3;-1;555;30
6;3;0.11;1;3;-1;145;102
6;7;0.109;1;3;1;101;236
6;104;0.119;1;3;-1;102;101
6;207;0.127;1;3;1;236;145
7;6;0.109;1;3;-1;207;104
7;8;0.125;1;3;1;100;254
7;101;0.118;1;3;-1;104;100
7;236;0.126;1;3;1;254;207
8;7;0.125;1;3;-1;236;101
8;100;0.116;1;3;-1;101;0
8;254;0.13;1;3;1;0;236
9;5;0.104;1;3;1;66;69
9;10;0.048;1;3;-1;0;0
9;30;0.084;1;3;-1;69;554
9;32;0.122;1;3;1;581;66
10;9;0.048;1;3;1;32;30
15;16;0.153;1;3;-1;61;17
15;18;0.245;1;3;1;17;50
15;165;0.298;1;3;-1;0;0
16;15;0.153;1;3;1;18;165
16;17;0.389;1;3;-1;0;18
16;61;0.15;1;3;1;0;71
17;16;0.389;1;3;1;15;0
17;18;0.018;1;3;-1;19;15
18;15;0.245;1;3;-1;0;165
18;17;0.018;1;3;1;16;0
18;19;0.462;1;3;1;0;0
18;50;0.08;1;3;-1;0;0
19;18;0.462;1;3;-1;50;17
19;151;0.252;1;3;1;516;0
20;21;0.256;1;3;-1;27;187
20;22;0.209;1;3;1;0;0
20;89;0.132;1;3;1;158;27
20;90;0.122;1;3;-1;187;189
21;20;0.256;1;3;1;90;89
21;27;0.12;1;3;1;89;544
21;187;0.133;1;3;-1;188;90
21;310;0.25;1;3;1;544;188
22;20;0.209;1;3;-1;89;90
23;24;0.355;1;3;-1;0;0
23;25;0.068;1;3;1;600;38
23;604;0.495;1;3;1;0;0
24;23;0.355;1;3;1;0;0
24;55;0.127;1;3;-1;119;522
25;23;0.068;1;3;-1;0;0
25;37;0.352;1;3;1;0;38
25;38;0.194;1;3;1;37;0
25;600;0.277;1;3;-1;0;0
26;27;0.127;1;3;-1;544;89
26;29;0.13;1;3;1;92;499
26;91;0.255;1;3;1;89;92
26;472;0.257;1;3;-1;499;544
27;21;0.12;1;3;-1;310;20
27;26;0.127;1;3;1;91;472
27;89;0.256;1;3;-1;20;91
27;544;0.255;1;3;1;472;310
28;29;0.129;1;3;-1;499;92
28;40;0.25;1;3;-1;92;93
28;42;0.116;1;3;-1;93;543
28;542;0.258;1;3;-1;543;499
29;26;0.13;1;3;-1;472;91
29;28;0.129;1;3;1;40;542
29;92;0.252;1;3;-1;91;40
29;499;0.259;1;3;1;542;472
30;9;0.084;1;3;1;10;5
30;31;0.12;1;3;-1;70;584
30;69;0.12;1;3;-1;555;70
30;554;0.126;1;3;1;584;581
31;30;0.12;1;3;1;554;69
31;70;0.118;1;3;-1;69;0
31;584;0.12;1;3;1;559;554
32;9;0.122;1;3;-1;5;10
32;33;0.117;1;3;1;580;67
32;66;0.103;1;3;1;67;5
32;581;0.113;1;3;-1;554;580
33;32;0.117;1;3;-1;66;581
33;67;0.11;1;3;1;68;66
33;580;0.11;1;3;-1;581;0
34;2;0.057;1;3;-1;0;0
34;46;0.026;1;3;1;45;47
37;25;0.352;1;3;-1;38;600
37;38;0.208;1;3;-1;39;25
38;25;0.194;1;3;-1;23;37
38;37;0.208;1;3;1;25;0
38;39;0.114;1;3;1;125;119
39;38;0.114;1;3;-1;0;37
39;119;0.391;1;3;-1;0;55
39;125;0.258;1;3;1;0;0
39;138;0.148;1;3;-1;211;139
40;28;0.25;1;3;1;42;29
40;41;0.183;1;3;-1;0;49
40;92;0.129;1;3;-1;29;156
40;93;0.117;1;3;1;0;42
41;40;0.183;1;3;1;93;92
41;49;0.028;1;3;-1;135;50
41;135;0.017;1;3;-1;136;49
42;28;0.116;1;3;1;542;40
42;43;0.077;1;3;-1;0;0
42;93;0.257;1;3;-1;40;0
42;543;0.252;1;3;1;539;542
43;42;0.077;1;3;1;543;93
44;45;0.048;1;3;-1;76;0
44;558;0.129;1;3;-1;557;560
44;582;0.409;1;3;1;575;547
45;44;0.048;1;3;1;582;0
45;46;0.054;1;3;-1;0;34
45;76;0.103;1;3;1;0;86
46;34;0.026;1;3;-1;0;0
46;45;0.054;1;3;1;0;76
46;47;0.224;1;3;-1;48;0
47;46;0.224;1;3;1;34;0
47;48;0.5;1;3;-1;0;0
48;47;0.5;1;3;1;0;46
49;41;0.028;1;3;1;40;135
49;50;0.175;1;3;-1;0;0
49;135;0.021;1;3;-1;41;136
50;18;0.08;1;3;1;15;19
50;49;0.175;1;3;1;41;0
51;52;0.126;1;3;-1;83;495
51;53;0.123;1;3;1;0;65
51;79;0.061;1;3;1;80;83
51;413;0.189;1;3;-1;495;522
52;51;0.126;1;3;1;413;79
52;54;0.14;1;3;-1;117;548
52;83;0.058;1;3;1;79;0
52;495;0.192;1;3;-1;548;413
53;51;0.123;1;3;-1;79;413
53;55;0.124;1;3;1;522;119
53;65;0.313;1;3;1;124;79
54;52;0.14;1;3;1;495;83
54;56;0.186;1;3;-1;107;568
54;117;0.293;1;3;-1;116;118
54;548;0.19;1;3;1;569;495
55;24;0.127;1;3;1;0;0
55;53;0.124;1;3;-1;65;0
55;119;0.355;1;3;-1;39;120
55;522;0.211;1;3;1;413;604
56;54;0.186;1;3;1;548;117
56;57;0.087;1;3;-1;0;64
56;107;0.18;1;3;-1;0;108
56;568;0.194;1;3;1;605;569
57;56;0.087;1;3;1;568;107
57;58;0.082;1;3;-1;113;605
57;64;0.107;1;3;-1;0;0
58;57;0.082;1;3;1;64;0
58;59;0.161;1;3;-1;96;0
58;113;0.288;1;3;1;118;96
58;605;0.196;1;3;-1;0;568
59;58;0.161;1;3;1;605;113
59;96;0.285;1;3;-1;113;0
60;61;0.334;1;3;-1;16;71
60;62;0.114;1;3;1;84;0
60;72;0.146;1;3;-1;71;73
61;16;0.15;1;3;-1;0;15
61;60;0.334;1;3;1;72;0
61;71;0.159;1;3;1;172;81
62;60;0.114;1;3;-1;0;72
62;63;0.239;1;3;1;74;530
62;84;0.061;1;3;1;85;73
63;62;0.239;1;3;-1;0;84
63;74;0.11;1;3;-1;73;0
63;530;0.059;1;3;1;519;0
64;57;0.107;1;3;1;56;58
65;53;0.313;1;3;-1;51;55
65;79;0.099;1;3;-1;83;80
65;124;0.134;1;3;1;123;114
66;5;0.117;1;3;-1;4;9
66;32;0.103;1;3;-1;9;33
66;67;0.121;1;3;1;33;592
67;33;0.11;1;3;-1;32;0
67;66;0.121;1;3;-1;0;32
67;68;0.113;1;3;1;593;599
67;592;0.11;1;3;1;599;103
68;67;0.113;1;3;-1;592;33
68;593;0.351;1;3;-1;585;529
68;599;0.109;1;3;1;0;592
69;5;0.124;1;3;1;9;4
69;30;0.12;1;3;1;31;9
69;70;0.122;1;3;-1;595;31
69;555;0.112;1;3;-1;4;595
70;31;0.118;1;3;1;0;30
70;69;0.122;1;3;1;30;555
70;595;0.109;1;3;-1;555;558
71;61;0.159;1;3;-1;60;0
71;72;0.294;1;3;1;81;60
71;81;0.34;1;3;1;0;72
71;172;0.026;1;3;-1;0;186
72;60;0.146;1;3;1;62;61
72;71;0.294;1;3;-1;61;172
72;73;0.255;1;3;1;0;84
72;81;0.12;1;3;-1;71;82
73;72;0.255;1;3;-1;60;81
73;74;0.083;1;3;1;82;63
73;84;0.207;1;3;-1;62;85
74;63;0.11;1;3;1;0;62
74;73;0.083;1;3;-1;0;0
74;82;0.136;1;3;-1;81;312
75;76;0.109;1;3;-1;86;0
75;78;0.02;1;3;1;77;0
75;109;0.331;1;3;-1;0;0
76;45;0.103;1;3;-1;46;44
76;75;0.109;1;3;1;0;109
76;86;0.236;1;3;-1;0;0
77;78;0.492;1;3;-1;159;75
77;249;0.124;1;3;-1;239;0
77;250;0.067;1;3;1;273;0
78;75;0.02;1;3;-1;109;0
78;77;0.492;1;3;1;249;250
78;159;0.083;1;3;-1;160;174
79;51;0.061;1;3;-1;52;53
79;65;0.099;1;3;1;53;0
79;80;0.125;1;3;-1;0;0
79;83;0.128;1;3;-1;115;52
80;79;0.125;1;3;1;83;51
81;71;0.34;1;3;-1;72;172
81;72;0.12;1;3;1;73;71
81;82;0.295;1;3;1;98;74
82;74;0.136;1;3;1;0;73
82;81;0.295;1;3;-1;72;0
82;98;0.082;1;3;-1;99;0
82;312;0.085;1;3;1;534;518
83;52;0.058;1;3;-1;54;51
83;79;0.128;1;3;1;51;80
83;115;0.235;1;4;1;114;116
84;62;0.061;1;3;-1;63;60
84;73;0.207;1;3;1;72;0
84;85;0.029;1;3;-1;0;0
85;84;0.029;1;3;1;73;62
86;76;0.236;1;3;1;45;75
87;88;0.5;1;3;-1;0;459
87;176;0.5;1;3;1;175;0
87;432;0.5;1;3;-1;0;433
88;87;0.5;1;3;1;432;176
88;90;0.046;1;3;1;189;187
88;459;0.311;1;3;1;184;0
89;20;0.132;1;3;-1;21;22
89;27;0.256;1;3;1;26;21
89;91;0.122;1;3;1;157;26
89;158;0.5;1;3;-1;176;157
90;20;0.122;1;3;1;22;21
90;88;0.046;1;3;-1;459;0
90;187;0.259;1;3;-1;21;184
90;189;0.073;1;3;1;0;0
91;26;0.255;1;3;-1;29;27
91;89;0.122;1;3;-1;27;158
91;92;0.136;1;3;1;156;29
91;157;0.427;1;3;1;158;156
92;29;0.252;1;3;1;28;26
92;40;0.129;1;3;1;41;28
92;91;0.136;1;3;-1;26;157
92;156;0.255;1;3;-1;157;0
93;40;0.117;1;3;-1;28;41
93;42;0.257;1;3;1;43;28
94;95;0.236;1;3;-1;318;0
94;96;0.284;1;3;1;0;113
94;264;0.161;1;3;-1;113;318
95;94;0.236;1;3;1;0;264
95;97;0.17;1;3;-1;352;0
95;318;0.174;1;3;-1;264;352
96;59;0.285;1;3;1;0;58
96;94;0.284;1;3;-1;264;0
96;113;0.158;1;3;1;58;264
97;95;0.17;1;3;1;0;318
97;352;0.236;1;3;1;318;453
98;82;0.082;1;3;1;312;81
98;99;0.17;1;3;-1;0;0
98;360;0.128;1;3;-1;0;354
99;98;0.17;1;3;1;360;82
100;8;0.116;1;3;1;0;7
100;101;0.116;1;3;-1;7;154
100;255;0.039;1;3;-1;0;269
101;7;0.118;1;3;1;8;6
101;100;0.116;1;3;1;255;8
101;104;0.114;1;3;-1;6;153
101;154;0.122;1;3;-1;153;155
102;3;0.12;1;3;-1;6;4
102;103;0.109;1;3;-1;4;592
102;104;0.111;1;3;1;153;6
102;143;0.119;1;3;1;592;153
103;4;0.12;1;3;1;3;5
103;102;0.109;1;3;1;143;3
103;592;0.116;1;3;-1;67;143
104;6;0.119;1;3;1;7;3
104;101;0.114;1;3;1;154;7
104;102;0.111;1;3;-1;3;143
104;153;0.118;1;3;-1;143;154
105;106;0.429;1;3;-1;0;0
105;354;0.03;1;3;-1;534;0
105;355;0.5;1;3;1;486;383
106;105;0.429;1;3;1;355;354
107;56;0.18;1;3;1;57;54
107;108;0.188;1;3;-1;0;0
107;118;0.111;1;3;-1;117;113
108;107;0.188;1;3;1;56;118
109;75;0.331;1;3;1;76;78
110;111;0.5;1;3;-1;171;185
110;112;0.041;1;3;1;132;360
110;130;0.025;1;3;-1;0;141
110;132;0.036;1;3;1;161;112
111;110;0.5;1;3;1;132;130
111;171;0.018;1;3;1;141;140
111;185;0.159;1;3;-1;0;0
112;110;0.041;1;3;-1;130;132
112;132;0.051;1;3;-1;110;0
112;360;0.21;1;3;1;354;0
113;58;0.288;1;3;-1;59;57
113;96;0.158;1;3;-1;94;59
113;118;0.174;1;3;1;107;265
113;264;0.288;1;3;1;265;94
114;115;0.131;1;4;-1;267;83
114;124;0.008;1;3;1;65;0
114;195;0.296;1;5;1;183;267
115;83;0.235;1;3;-1;0;79
115;114;0.131;1;3;1;0;195
115;116;0.081;1;3;-1;203;0
115;267;0.293;1;3;1;195;266
116;115;0.081;1;4;1;83;267
116;117;0.06;1;3;-1;243;54
116;203;0.156;1;3;1;0;243
117;54;0.293;1;3;1;56;52
117;116;0.06;1;3;1;0;203
117;118;0.18;1;3;-1;265;107
117;243;0.15;1;3;-1;203;240
118;107;0.111;1;3;1;108;0
118;113;0.174;1;3;-1;264;58
118;117;0.18;1;3;1;54;243
118;265;0.287;1;3;-1;266;264
119;39;0.391;1;3;1;38;138
119;55;0.355;1;3;1;53;24
119;120;0.065;1;3;-1;166;0
120;119;0.065;1;3;1;55;0
120;121;0.121;1;3;-1;198;0
120;166;0.289;1;3;-1;263;198
121;120;0.121;1;3;1;0;166
121;122;0.122;1;3;-1;183;0
121;198;0.276;1;3;-1;166;183
122;121;0.122;1;3;1;0;198
122;123;0.008;1;3;-1;0;128
122;183;0.288;1;3;1;198;195
123;122;0.008;1;3;1;0;183
123;124;0.113;1;3;-1;0;65
123;128;0.072;1;3;-1;129;0
124;65;0.134;1;3;-1;0;53
124;114;0.008;1;3;-1;195;0
124;123;0.113;1;3;1;0;0
125;39;0.258;1;3;-1;138;38
126;127;0.377;1;3;-1;0;0
126;527;0.5;1;3;1;529;528
127;126;0.377;1;3;1;0;0
128;123;0.072;1;3;1;122;0
128;129;0.106;1;3;-1;0;0
128;164;0.07;1;3;-1;0;0
129;128;0.106;1;3;1;164;123
130;110;0.025;1;3;1;111;112
130;131;0.491;1;3;-1;0;141
130;141;0.5;1;3;1;131;171
131;130;0.491;1;3;1;141;0
131;141;0.5;1;3;-1;140;171
131;172;0.161;1;3;1;71;186
132;110;0.036;1;3;-1;112;111
132;112;0.051;1;3;1;0;110
132;161;0.188;1;3;-1;0;0
133;134;0.364;1;3;-1;0;0
133;135;0.5;1;3;1;49;136
133;212;0.254;1;3;-1;224;0
134;133;0.364;1;3;1;135;212
135;41;0.017;1;3;1;49;0
135;49;0.021;1;3;1;0;41
135;133;0.5;1;3;-1;212;134
135;136;0.255;1;3;-1;0;163
136;135;0.255;1;3;1;133;41
136;137;0.03;1;3;-1;0;0
136;163;0.24;1;3;-1;0;0
137;136;0.03;1;3;1;163;0
138;39;0.148;1;3;1;119;125
138;139;0.5;1;3;-1;0;344
138;211;0.137;1;3;-1;0;0
139;138;0.5;1;3;1;39;211
139;169;0.309;1;3;1;201;168
139;344;0.102;1;3;-1;343;170
140;141;0.028;1;3;-1;171;131
140;171;0.029;1;3;-1;111;141
140;186;0.195;1;3;1;172;0
141;130;0.5;1;3;-1;110;131
141;131;0.5;1;3;1;130;172
141;140;0.028;1;3;1;186;171
141;171;0.024;1;3;-1;140;111
142;143;0.12;1;3;-1;153;592
142;144;0.204;2;3;1;0;149
142;205;0.11;1;3;1;0;153
142;599;0.109;1;3;-1;592;0
143;102;0.119;1;3;-1;104;103
143;142;0.12;1;3;1;599;205
143;153;0.111;1;3;1;205;104
143;592;0.112;1;3;-1;103;599
144;142;0.204;2;3;-1;205;599
144;149;0.301;2;3;-1;0;251
145;3;0.123;1;3;1;4;6
145;146;0.203;1;3;-1;239;595
145;207;0.121;1;3;-1;6;206
145;555;0.109;1;3;1;595;4
146;145;0.203;1;3;1;555;207
146;239;0.287;1;3;-1;237;0
146;595;0.111;1;3;1;558;555
147;148;0.132;2;3;-1;0;261
147;149;0.164;2;3;1;251;0
147;235;0.111;1;3;-1;262;251
148;147;0.132;2;3;1;235;0
148;150;0.094;2;3;-1;317;0
148;261;0.106;1;3;1;260;262
149;144;0.301;2;3;1;142;0
149;147;0.164;2;3;-1;0;235
149;251;0.096;1;3;1;235;0
150;148;0.094;2;3;1;261;0
150;152;0.5;2;3;-1;0;256
150;317;0.115;1;3;1;0;0
151;19;0.252;1;3;-1;0;0
151;152;0.332;2;3;1;256;0
151;516;0.132;1;3;-1;530;258
152;150;0.5;2;3;1;0;317
152;151;0.332;2;3;-1;0;516
152;256;0.106;1;3;1;258;257
153;104;0.118;1;3;1;101;102
153;143;0.111;1;3;-1;102;142
153;154;0.111;1;3;1;238;101
153;205;0.119;1;3;-1;142;238
154;101;0.122;1;3;1;100;104
154;153;0.111;1;3;-1;104;205
154;155;0.112;1;3;1;252;253
154;238;0.119;1;3;-1;205;252
155;154;0.112;1;3;-1;101;238
155;252;0.12;1;3;-1;238;280
155;253;0.005;1;3;1;268;0
156;92;0.255;1;3;1;40;91
156;157;0.248;1;3;-1;91;0
157;91;0.427;1;3;-1;92;89
157;156;0.248;1;3;1;0;92
157;158;0.134;1;3;-1;89;0
158;89;0.5;1;3;1;91;20
158;157;0.134;1;3;1;0;91
158;176;0.5;1;3;1;0;446
159;78;0.083;1;3;1;0;77
159;160;0.156;1;3;-1;0;0
159;174;0.08;1;3;1;202;0
160;159;0.156;1;3;1;174;78
161;132;0.188;1;3;1;0;110
161;162;0.5;1;3;-1;0;0
162;161;0.5;1;3;1;0;0
163;136;0.24;1;3;1;135;137
164;128;0.07;1;3;1;0;129
165;15;0.298;1;3;1;18;0
166;120;0.289;1;3;1;121;119
166;167;0.246;1;3;-1;300;199
166;198;0.121;1;3;1;199;121
166;263;0.11;1;3;-1;0;0
167;166;0.246;1;3;1;198;263
167;168;0.149;1;3;-1;0;200
167;199;0.111;1;3;1;200;198
167;300;0.158;1;3;-1;0;0
168;167;0.149;1;3;1;199;300
168;169;0.198;1;3;-1;139;201
168;200;0.108;1;3;1;201;199
169;139;0.309;1;3;-1;138;344
169;168;0.198;1;3;1;200;0
169;170;0.196;1;3;-1;344;345
169;201;0.122;1;3;1;345;200
170;169;0.196;1;3;1;201;139
170;344;0.025;1;3;1;139;0
170;345;0.165;1;3;-1;456;0
171;111;0.018;1;3;-1;185;110
171;140;0.029;1;3;1;141;0
171;141;0.024;1;3;1;131;140
172;71;0.026;1;3;1;81;61
172;131;0.161;1;3;-1;141;0
172;186;0.5;1;3;-1;610;140
173;174;0.192;1;3;-1;0;202
174;159;0.08;1;3;-1;78;160
174;173;0.192;1;3;1;0;0
174;202;0.084;1;3;1;234;0
175;176;0.5;1;3;-1;446;87
176;87;0.5;1;3;-1;88;0
176;158;0.5;1;3;-1;0;89
176;175;0.5;1;3;1;0;0
176;446;0.5;1;3;1;0;0
177;178;0.272;1;3;-1;193;456
177;184;0.238;1;3;1;459;187
177;188;0.128;1;3;-1;187;193
177;462;0.106;1;3;1;456;458
178;177;0.272;1;3;1;462;188
178;179;0.247;1;3;-1;194;201
178;193;0.138;1;3;-1;188;194
178;456;0.097;1;3;1;345;462
179;178;0.247;1;3;1;456;193
179;180;0.155;1;3;-1;283;201
179;194;0.124;1;3;1;193;190
179;201;0.111;1;3;-1;200;345
180;179;0.155;1;3;1;201;194
180;181;0.062;1;3;-1;284;200
180;201;0.193;1;3;1;200;179
180;283;0.062;1;3;-1;319;0
181;180;0.062;1;3;1;201;283
181;182;0.153;1;3;-1;192;199
181;200;0.121;1;3;-1;199;201
181;284;0.044;1;3;1;283;191
182;181;0.153;1;3;1;200;284
182;183;0.229;1;3;-1;195;198
182;192;0.128;1;3;1;191;195
182;199;0.127;1;3;-1;198;200
183;122;0.288;1;3;-1;123;121
183;182;0.229;1;3;1;199;192
183;195;0.129;1;3;1;192;114
183;198;0.135;1;3;-1;121;199
184;177;0.238;1;3;-1;188;462
184;187;0.139;1;3;1;90;188
184;459;0.076;1;3;-1;458;88
185;111;0.159;1;3;1;110;171
186;140;0.195;1;3;-1;0;141
186;172;0.5;1;3;1;131;0
186;610;0.5;1;3;-1;0;0
187;21;0.133;1;3;1;20;310
187;90;0.259;1;3;1;88;20
187;184;0.139;1;3;-1;177;0
187;188;0.245;1;3;-1;310;177
188;177;0.128;1;3;1;178;184
188;187;0.245;1;3;1;184;21
188;193;0.273;1;3;-1;309;178
188;310;0.131;1;3;-1;21;309
189;90;0.073;1;3;-1;20;88
190;191;0.117;1;3;-1;281;284
190;194;0.212;1;3;1;179;308
190;311;0.129;1;3;-1;308;301
190;319;0.07;1;3;1;0;283
191;190;0.117;1;3;1;319;311
191;192;0.037;1;3;-1;281;182
191;281;0.046;1;3;-1;301;192
191;284;0.145;1;3;1;181;319
192;182;0.128;1;3;-1;183;181
192;191;0.037;1;3;1;284;281
192;195;0.228;1;5;-1;267;183
192;281;0.03;1;3;1;191;282
193;178;0.138;1;3;1;179;177
193;188;0.273;1;3;1;177;310
193;194;0.246;1;3;-1;308;179
193;309;0.132;1;6;-1;310;308
194;179;0.124;1;3;-1;180;178
194;190;0.212;1;3;-1;311;319
194;193;0.246;1;3;1;178;309
194;308;0.135;1;3;1;309;311
195;114;0.296;1;3;-1;115;124
195;183;0.129;1;3;-1;122;182
195;192;0.228;1;3;1;182;281
195;267;0.126;1;3;1;282;115
196;197;0.118;1;3;-1;359;507
196;373;0.101;1;3;-1;325;341
196;374;0.141;1;3;1;0;0
197;196;0.118;1;3;1;373;374
197;359;0.046;1;3;-1;0;491
197;507;0.094;1;3;-1;0;0
198;121;0.276;1;3;1;122;120
198;166;0.121;1;3;-1;120;167
198;183;0.135;1;3;1;182;122
198;199;0.223;1;3;-1;167;182
199;167;0.111;1;3;-1;166;168
199;182;0.127;1;3;1;181;183
199;198;0.223;1;3;1;183;166
199;200;0.151;1;3;-1;168;181
200;168;0.108;1;3;-1;167;169
200;181;0.121;1;3;1;180;182
200;199;0.151;1;3;1;182;167
200;201;0.223;1;3;-1;345;180
201;169;0.122;1;3;-1;168;170
201;179;0.111;1;3;1;178;180
201;180;0.193;1;3;-1;179;181
201;200;0.223;1;3;1;181;168
201;345;0.051;1;3;1;0;456
202;174;0.084;1;3;-1;173;159
202;234;0.357;1;3;1;250;0
203;116;0.156;1;3;-1;117;115
203;204;0.058;1;3;1;0;0
203;243;0.075;1;3;-1;266;117
204;203;0.058;1;3;-1;243;0
205;142;0.11;1;3;-1;143;144
205;153;0.119;1;3;1;154;143
205;238;0.11;1;3;1;0;154
206;207;0.114;1;3;-1;145;236
207;6;0.127;1;3;-1;3;7
207;145;0.121;1;3;1;146;3
207;206;0.114;1;3;1;0;0
207;236;0.105;1;3;-1;7;237
208;209;0.16;1;3;-1;0;0
208;210;0.417;1;3;1;0;0
209;208;0.16;1;3;1;0;0
210;208;0.417;1;3;-1;0;0
211;138;0.137;1;3;1;139;39
212;133;0.254;1;3;1;134;135
212;213;0.231;1;3;-1;0;0
212;216;0.111;1;3;-1;224;227
212;224;0.065;1;3;-1;228;216
213;212;0.231;1;3;1;224;133
216;212;0.111;1;3;1;0;224
216;217;0.046;1;3;-1;0;0
216;224;0.069;1;3;-1;212;225
216;227;0.21;1;3;1;0;0
217;216;0.046;1;3;1;227;224
218;219;0.482;1;3;-1;0;422
218;221;0.18;1;3;1;0;476
218;425;0.02;1;3;-1;500;426
219;218;0.482;1;3;1;425;0
219;222;0.052;1;3;-1;0;0
219;422;0.032;1;3;-1;424;423
220;221;0.289;1;3;-1;476;0
220;223;0.5;1;3;1;0;0
220;437;0.5;1;3;1;0;475
221;218;0.18;1;3;-1;0;425
221;220;0.289;1;3;1;0;437
221;476;0.5;1;3;1;0;540
222;219;0.052;1;3;1;422;0
222;583;0.077;1;3;1;0;573
223;220;0.5;1;3;-1;437;0
224;212;0.065;1;3;1;216;213
224;216;0.069;1;3;1;217;212
224;225;0.044;1;3;-1;230;229
224;228;0.053;1;3;-1;0;0
225;224;0.044;1;3;1;216;228
225;226;0.046;1;3;-1;0;0
225;229;0.043;1;3;-1;0;0
225;230;0.058;1;3;1;0;0
226;225;0.046;1;3;1;229;230
227;216;0.21;1;3;-1;212;217
228;224;0.053;1;3;1;225;212
229;225;0.043;1;3;1;224;226
230;225;0.058;1;3;-1;226;224
231;232;0.139;1;3;-1;0;0
231;301;0.103;1;3;-1;282;311
231;303;0.059;1;3;1;350;266
232;231;0.139;1;3;1;301;303
234;202;0.357;1;3;-1;0;174
234;250;0.056;1;3;-1;0;273
235;147;0.111;1;3;1;149;148
235;251;0.161;1;3;-1;252;149
235;262;0.004;1;3;1;0;280
236;7;0.126;1;3;-1;6;8
236;207;0.105;1;3;1;206;6
236;237;0.191;1;3;1;247;0
236;254;0.133;1;3;-1;8;247
237;236;0.191;1;3;-1;207;254
237;239;0.106;1;3;1;249;146
237;247;0.154;1;3;-1;254;249
238;154;0.119;1;3;1;155;153
238;205;0.11;1;3;-1;153;0
238;252;0.11;1;3;1;251;155
239;146;0.287;1;3;1;0;145
239;237;0.106;1;3;-1;0;247
239;249;0.188;1;3;-1;247;77
240;241;0.069;1;3;-1;0;0
240;242;0.044;1;3;1;0;0
240;243;0.08;1;3;1;117;266
241;240;0.069;1;3;1;0;243
242;240;0.044;1;3;-1;243;0
243;117;0.15;1;3;1;118;116
243;203;0.075;1;3;1;116;204
243;240;0.08;1;3;-1;241;242
243;266;0.139;1;3;-1;267;265
244;245;0.078;1;3;-1;306;305
244;248;0.012;1;3;1;0;286
244;294;0.094;1;3;1;0;0
245;244;0.078;1;3;1;294;0
245;246;0.089;1;3;-1;0;0
245;305;0.092;1;3;1;0;0
245;306;0.086;1;3;-1;0;296
246;245;0.089;1;3;1;305;306
247;237;0.154;1;3;1;239;236
247;248;0.119;1;3;-1;286;0
247;249;0.117;1;3;1;0;239
247;254;0.208;1;3;-1;236;0
248;244;0.012;1;3;-1;0;294
248;247;0.119;1;3;1;249;254
248;286;0.232;1;3;-1;0;288
249;77;0.124;1;3;1;0;78
249;239;0.188;1;3;1;0;237
249;247;0.117;1;3;-1;237;248
250;77;0.067;1;3;-1;78;0
250;234;0.056;1;3;1;0;202
250;273;0.408;1;3;-1;0;274
251;149;0.096;1;3;-1;144;147
251;235;0.161;1;3;1;147;0
251;252;0.116;1;3;1;280;238
252;155;0.12;1;3;1;0;154
252;238;0.11;1;3;-1;154;0
252;251;0.116;1;3;-1;0;235
252;280;0.164;1;3;1;262;268
253;155;0.005;1;3;-1;154;0
253;255;0.078;1;3;1;269;0
253;268;0.173;1;3;-1;280;269
254;8;0.13;1;3;-1;7;0
254;236;0.133;1;3;1;237;7
254;247;0.208;1;3;1;248;237
255;100;0.039;1;3;1;0;101
255;253;0.078;1;3;-1;0;268
255;269;0.164;1;3;1;268;0
256;152;0.106;1;3;-1;150;151
256;257;0.103;1;3;-1;431;0
256;258;0.122;1;3;1;0;519
257;256;0.103;1;3;1;152;0
257;259;0.245;1;3;-1;271;0
257;431;0.267;1;3;-1;0;395
258;256;0.122;1;3;-1;0;152
258;516;0.288;1;3;1;151;530
258;519;0.113;1;3;1;530;0
259;257;0.245;1;3;1;0;431
259;260;0.12;1;3;-1;285;0
259;271;0.293;1;3;-1;395;272
260;259;0.12;1;3;1;0;271
260;261;0.127;1;3;-1;0;148
260;285;0.155;1;3;1;0;280
261;148;0.106;1;3;-1;147;150
261;260;0.127;1;3;1;0;285
261;262;0.126;1;3;-1;280;0
262;235;0.004;1;3;-1;0;147
262;261;0.126;1;3;1;148;0
262;280;0.118;1;3;-1;285;252
263;166;0.11;1;3;1;167;120
264;94;0.161;1;3;1;95;96
264;113;0.288;1;3;-1;96;118
264;265;0.177;1;3;-1;118;302
264;318;0.246;1;3;1;0;95
265;118;0.287;1;3;1;113;117
265;264;0.177;1;3;1;318;113
265;266;0.167;1;3;-1;243;303
265;302;0.188;1;3;-1;303;0
266;243;0.139;1;3;1;240;203
266;265;0.167;1;3;1;302;118
266;267;0.149;1;3;-1;115;282
266;303;0.204;1;3;-1;231;302
267;115;0.293;1;4;-1;116;114
267;195;0.126;1;3;-1;114;192
267;266;0.149;1;3;1;303;243
267;282;0.096;1;3;1;281;0
268;253;0.173;1;3;1;255;155
268;269;0.043;1;3;-1;270;255
268;280;0.133;1;3;1;252;285
269;255;0.164;1;3;-1;100;253
269;268;0.043;1;3;1;253;0
269;270;0.046;1;3;1;0;298
270;269;0.046;1;3;-1;0;268
270;272;0.182;1;3;1;285;0
270;298;0.128;1;3;-1;316;290
271;259;0.293;1;3;1;260;257
271;272;0.137;1;3;-1;0;285
271;395;0.049;1;3;-1;431;316
272;270;0.182;1;3;-1;298;0
272;271;0.137;1;3;1;259;0
272;285;0.183;1;3;-1;280;0
273;250;0.408;1;3;1;234;77
273;274;0.5;1;3;-1;0;0
273;279;0.29;1;3;-1;376;0
274;273;0.5;1;3;1;250;279
275;276;0.27;1;3;-1;366;0
275;366;0.258;1;3;-1;367;276
275;375;0.126;1;3;-1;380;367
275;397;0.206;1;3;1;449;0
276;275;0.27;1;3;1;0;375
276;277;0.5;1;3;-1;0;0
276;366;0.058;1;3;-1;275;405
277;276;0.5;1;3;1;0;366
277;278;0.5;1;3;-1;0;0
277;406;0.5;1;3;1;0;0
278;277;0.5;1;3;1;0;0
278;609;0.5;1;3;-1;0;0
279;273;0.29;1;3;1;274;0
279;376;0.5;1;3;-1;0;0
280;252;0.164;1;3;-1;155;251
280;262;0.118;1;3;1;235;261
280;268;0.133;1;3;-1;0;253
280;285;0.218;1;3;-1;260;272
281;191;0.046;1;3;1;192;190
281;192;0.03;1;3;-1;195;191
281;282;0.164;1;3;-1;301;267
281;301;0.093;1;3;1;311;282
282;267;0.096;1;3;-1;266;195
282;281;0.164;1;3;1;192;301
282;301;0.137;1;3;1;281;231
283;180;0.062;1;3;1;181;179
283;284;0.011;1;3;-1;319;181
283;319;0.022;1;3;-1;190;284
284;181;0.044;1;3;-1;182;180
284;191;0.145;1;3;-1;190;192
284;283;0.011;1;3;1;0;319
284;319;0.013;1;3;1;283;0
285;260;0.155;1;3;-1;261;259
285;272;0.183;1;3;1;271;270
285;280;0.218;1;3;1;268;262
286;248;0.232;1;3;1;244;247
286;287;0.121;1;3;-1;0;0
286;288;0.074;1;3;1;299;0
287;286;0.121;1;3;1;288;0
288;286;0.074;1;3;-1;248;287
288;289;0.015;1;3;1;0;307
288;299;0.046;1;3;-1;0;0
289;288;0.015;1;3;-1;0;299
289;290;0.084;1;3;1;298;295
289;307;0.084;1;3;1;295;0
290;289;0.084;1;3;-1;307;0
290;295;0.099;1;3;-1;0;307
290;298;0.17;1;3;1;270;316
291;292;0.426;1;3;-1;304;0
291;421;0.172;1;3;1;0;0
292;291;0.426;1;3;1;421;0
292;293;0.5;1;3;-1;0;0
292;304;0.5;1;3;-1;0;0
293;292;0.5;1;3;1;0;291
294;244;0.094;1;3;-1;248;245
295;290;0.099;1;3;1;289;0
295;296;0.089;1;3;-1;297;306
295;307;0.091;1;3;-1;306;289
296;295;0.089;1;3;1;307;0
296;297;0.084;1;3;-1;346;0
296;306;0.094;1;3;-1;245;307
297;296;0.084;1;3;1;306;295
297;346;0.287;1;3;1;443;0
298;270;0.128;1;3;1;269;272
298;290;0.17;1;3;-1;0;289
298;316;0.29;1;3;-1;395;392
299;288;0.046;1;3;1;289;286
300;167;0.158;1;3;1;168;166
301;231;0.103;1;3;1;0;232
301;281;0.093;1;3;-1;282;191
301;282;0.137;1;3;-1;0;281
301;311;0.151;1;3;1;190;350
302;265;0.188;1;3;1;264;266
302;303;0.173;1;3;-1;266;350
302;353;0.201;1;3;-1;351;352
303;231;0.059;1;3;-1;232;0
303;266;0.204;1;3;1;265;267
303;302;0.173;1;3;1;353;265
303;350;0.182;1;3;-1;311;351
304;292;0.5;1;3;1;0;291
305;245;0.092;1;3;-1;244;246
306;245;0.086;1;3;1;246;244
306;296;0.094;1;3;1;295;297
306;307;0.078;1;3;-1;0;295
307;289;0.084;1;3;-1;288;290
307;295;0.091;1;3;1;290;296
307;306;0.078;1;3;1;296;0
308;194;0.135;1;3;-1;190;193
308;309;0.255;1;5;-1;193;450
308;311;0.205;1;3;1;350;190
308;434;0.125;1;3;1;450;350
309;193;0.132;1;3;1;194;188
309;308;0.255;1;3;1;434;194
309;310;0.263;1;3;-1;188;544
309;450;0.125;1;3;-1;544;434
310;21;0.25;1;3;-1;187;27
310;188;0.131;1;3;1;193;187
310;309;0.263;1;6;1;450;193
310;544;0.128;1;3;-1;27;450
311;190;0.129;1;3;1;191;194
311;301;0.151;1;3;-1;231;281
311;308;0.205;1;3;-1;194;434
311;350;0.137;1;3;-1;434;303
312;82;0.085;1;3;-1;74;98
312;313;0.319;1;3;1;401;0
312;518;0.5;1;3;1;466;519
312;534;0.191;1;3;-1;354;404
313;312;0.319;1;3;-1;82;534
313;315;0.207;1;3;1;400;466
313;401;0.11;1;3;1;404;400
314;315;0.216;1;3;-1;466;400
314;316;0.22;1;3;1;392;395
314;402;0.108;1;3;-1;400;392
314;464;0.078;1;3;1;0;466
315;313;0.207;1;3;-1;0;401
315;314;0.216;1;3;1;402;464
315;400;0.112;1;3;1;401;402
315;466;0.095;1;3;-1;464;0
316;298;0.29;1;3;1;290;270
316;314;0.22;1;3;-1;464;402
316;392;0.114;1;3;-1;402;403
316;395;0.074;1;3;1;271;431
317;150;0.115;1;3;-1;152;148
318;95;0.174;1;3;1;97;94
318;264;0.246;1;3;-1;94;265
318;352;0.147;1;3;1;353;453
319;190;0.07;1;3;-1;194;191
319;283;0.022;1;3;1;284;180
319;284;0.013;1;3;-1;191;283
320;321;0.345;1;3;-1;369;408
320;324;0.248;1;3;1;334;372
320;370;0.132;1;3;-1;372;369
320;389;0.121;1;3;1;408;334
321;320;0.345;1;3;1;389;370
321;325;0.25;1;3;-1;373;407
321;369;0.13;1;3;-1;370;373
321;408;0.121;1;3;1;407;389
322;323;0.212;1;3;-1;371;329
323;322;0.212;1;3;1;0;0
323;324;0.235;1;3;-1;372;334
323;329;0.098;1;3;-1;334;333
323;371;0.124;1;3;1;368;372
324;320;0.248;1;3;-1;370;389
324;323;0.235;1;3;1;329;371
324;334;0.107;1;3;-1;389;329
324;372;0.128;1;3;1;371;370
325;321;0.25;1;3;1;408;369
325;373;0.132;1;3;-1;369;196
325;407;0.135;1;3;1;491;408
326;327;0.254;1;3;-1;364;398
326;332;0.15;1;3;1;0;0
326;363;0.114;1;3;1;420;364
326;399;0.124;1;3;-1;398;0
327;326;0.254;1;3;1;399;363
327;331;0.341;1;3;-1;365;390
327;364;0.117;1;3;1;363;365
327;398;0.125;1;3;-1;390;399
328;329;0.359;1;3;-1;333;334
328;330;0.064;1;3;1;331;0
328;361;0.119;1;3;1;347;390
329;323;0.098;1;3;1;322;324
329;328;0.359;1;3;1;361;0
329;333;0.058;1;3;-1;0;0
329;334;0.232;1;3;1;324;361
330;328;0.064;1;3;-1;0;361
330;331;0.209;1;3;1;390;365
330;365;0.234;1;3;1;364;0
331;327;0.341;1;3;1;398;364
331;330;0.209;1;3;-1;365;328
331;365;0.109;1;3;1;364;330
331;390;0.129;1;3;-1;361;398
332;326;0.15;1;3;-1;363;399
333;329;0.058;1;3;1;323;328
334;324;0.107;1;3;1;323;320
334;329;0.232;1;3;-1;328;323
334;361;0.112;1;3;-1;390;347
334;389;0.25;1;3;1;320;390
335;336;0.357;1;3;-1;370;381
335;341;0.235;1;3;1;377;373
335;369;0.13;1;3;1;373;370
335;379;0.119;1;3;-1;381;377
336;335;0.357;1;3;1;379;369
336;340;0.242;1;3;-1;372;380
336;370;0.126;1;3;1;369;372
336;381;0.119;1;3;-1;380;379
337;338;0.191;1;3;-1;0;0
337;339;0.244;1;3;1;375;371
337;367;0.124;1;3;1;382;375
337;368;0.128;1;3;-1;371;0
338;337;0.191;1;3;1;367;368
339;337;0.244;1;3;-1;368;367
339;340;0.241;1;3;1;380;372
339;371;0.136;1;3;-1;372;368
339;375;0.128;1;3;1;367;380
340;336;0.242;1;3;1;381;370
340;339;0.241;1;3;-1;371;375
340;372;0.127;1;3;-1;370;371
340;380;0.135;1;3;1;375;381
341;335;0.235;1;3;-1;369;379
341;342;0.302;1;3;1;378;563
341;373;0.127;1;3;1;196;369
341;377;0.118;1;3;-1;379;378
342;341;0.302;1;3;-1;373;377
342;378;0.126;1;3;1;377;0
342;563;0.059;1;3;-1;0;0
343;344;0.062;1;3;-1;0;139
343;432;0.497;1;3;1;433;0
343;455;0.053;1;3;-1;457;0
344;139;0.102;1;3;1;169;0
344;170;0.025;1;3;-1;0;169
344;343;0.062;1;3;1;0;455
345;170;0.165;1;3;1;169;0
345;201;0.051;1;3;-1;179;200
345;456;0.213;1;3;-1;455;178
346;297;0.287;1;3;-1;0;296
346;442;0.5;1;3;-1;461;489
346;443;0.103;1;3;1;394;460
347;348;0.093;1;3;-1;0;0
347;361;0.086;1;3;1;334;328
348;347;0.093;1;3;1;361;0
348;349;0.041;1;3;-1;0;0
349;348;0.041;1;3;1;0;0
350;303;0.182;1;3;1;302;231
350;311;0.137;1;3;1;301;308
350;351;0.113;1;3;-1;362;0
350;434;0.194;1;3;-1;308;0
351;350;0.113;1;3;1;303;434
351;353;0.065;1;3;-1;454;302
351;362;0.226;1;3;-1;0;0
352;97;0.236;1;3;-1;0;95
352;318;0.147;1;3;-1;95;0
352;353;0.117;1;3;1;302;454
352;453;0.448;1;3;1;452;502
353;302;0.201;1;3;1;0;303
353;351;0.065;1;3;1;0;362
353;352;0.117;1;3;-1;453;318
353;454;0.452;1;3;-1;451;452
354;105;0.03;1;3;1;106;355
354;360;0.011;1;3;-1;98;112
354;534;0.062;1;3;1;0;312
355;105;0.5;1;3;-1;354;106
355;357;0.232;1;3;1;463;386
355;383;0.094;1;3;-1;386;384
355;486;0.054;1;3;1;0;487
356;357;0.218;1;3;-1;386;463
356;358;0.179;1;3;1;0;0
356;385;0.081;1;3;1;387;386
356;393;0.036;1;3;-1;394;419
357;355;0.232;1;3;-1;383;486
357;356;0.218;1;3;1;393;385
357;386;0.079;1;3;1;385;383
357;463;0.063;1;3;-1;484;483
358;356;0.179;1;3;-1;385;393
359;197;0.046;1;3;1;507;196
359;491;0.119;1;3;1;0;407
360;98;0.128;1;3;1;0;99
360;112;0.21;1;3;-1;110;0
360;354;0.011;1;3;1;0;534
361;328;0.119;1;3;-1;330;329
361;334;0.112;1;3;1;329;389
361;347;0.086;1;3;-1;0;348
361;390;0.251;1;3;-1;389;331
362;351;0.226;1;3;1;353;350
363;326;0.114;1;3;-1;327;332
363;364;0.258;1;3;-1;412;327
363;420;0.109;1;3;1;436;421
364;327;0.117;1;3;-1;331;326
364;363;0.258;1;3;1;326;0
364;365;0.347;1;3;-1;0;331
364;412;0.084;1;3;1;0;0
365;330;0.234;1;3;-1;0;331
365;331;0.109;1;3;-1;330;327
365;364;0.347;1;3;1;327;412
366;275;0.258;1;3;1;0;375
366;276;0.058;1;3;1;277;275
366;367;0.135;1;3;-1;375;382
366;405;0.203;1;3;-1;0;0
367;337;0.124;1;3;-1;339;338
367;366;0.135;1;3;1;405;275
367;375;0.246;1;3;-1;275;339
367;382;0.221;1;3;1;0;0
368;337;0.128;1;3;1;338;339
368;371;0.255;1;3;1;339;323
369;321;0.13;1;3;1;325;320
369;335;0.13;1;3;-1;336;341
369;370;0.345;1;3;-1;320;336
369;373;0.245;1;3;1;341;325
370;320;0.132;1;3;1;321;324
370;336;0.126;1;3;-1;340;335
370;369;0.345;1;3;1;335;321
370;372;0.247;1;3;-1;324;340
371;323;0.124;1;3;-1;324;322
371;339;0.136;1;3;1;337;340
371;368;0.255;1;3;-1;0;337
371;372;0.234;1;3;1;340;324
372;324;0.128;1;3;-1;320;323
372;340;0.127;1;3;1;339;336
372;370;0.247;1;3;1;336;320
372;371;0.234;1;3;-1;323;339
373;196;0.101;1;3;1;0;197
373;325;0.132;1;3;1;0;321
373;341;0.127;1;3;-1;335;342
373;369;0.245;1;3;-1;321;335
374;196;0.141;1;3;-1;197;0
375;275;0.126;1;3;1;366;397
375;339;0.128;1;3;-1;340;337
375;367;0.246;1;3;1;337;366
375;380;0.242;1;3;-1;396;340
376;279;0.5;1;3;1;0;273
377;341;0.118;1;3;1;342;335
377;378;0.303;1;3;-1;562;342
377;379;0.239;1;3;1;335;409
377;490;0.101;1;3;-1;409;0
378;342;0.126;1;3;-1;0;341
378;377;0.303;1;3;1;341;490
378;562;0.058;1;3;1;588;561
379;335;0.119;1;3;1;341;336
379;377;0.239;1;3;-1;490;341
379;381;0.362;1;3;1;336;388
379;409;0.1;1;3;-1;0;490
380;340;0.135;1;3;-1;336;339
380;375;0.242;1;3;1;339;275
380;381;0.238;1;3;-1;388;336
380;396;0.121;1;3;1;397;388
381;336;0.119;1;3;1;335;340
381;379;0.362;1;3;-1;409;335
381;380;0.238;1;3;1;340;396
381;388;0.12;1;3;-1;396;0
382;367;0.221;1;3;-1;366;337
383;355;0.094;1;3;1;105;357
383;384;0.144;1;3;-1;401;0
383;386;0.236;1;3;1;357;440
383;439;0.062;1;3;-1;440;0
384;383;0.144;1;3;1;355;439
384;401;0.137;1;3;-1;400;404
385;356;0.081;1;3;-1;357;358
385;386;0.214;1;3;-1;440;357
385;387;0.124;1;3;1;0;0
385;391;0.049;1;3;1;0;440
386;357;0.079;1;3;-1;355;356
386;383;0.236;1;3;-1;439;355
386;385;0.214;1;3;1;356;391
386;440;0.06;1;3;1;391;439
387;385;0.124;1;3;-1;391;356
388;381;0.12;1;3;1;379;380
388;396;0.247;1;3;1;380;0
389;320;0.121;1;3;-1;324;321
389;334;0.25;1;3;-1;361;324
389;390;0.122;1;3;1;398;361
389;408;0.349;1;3;1;321;398
390;331;0.129;1;3;1;327;330
390;361;0.251;1;3;1;328;334
390;389;0.122;1;3;-1;334;408
390;398;0.351;1;3;-1;408;327
391;385;0.049;1;3;-1;386;387
391;392;0.067;1;3;1;403;402
391;440;0.215;1;3;1;402;386
392;316;0.114;1;3;1;298;314
392;391;0.067;1;3;-1;440;0
392;402;0.217;1;3;-1;314;440
392;403;0.104;1;3;1;0;0
393;356;0.036;1;3;1;358;357
393;394;0.017;1;3;-1;0;443
393;419;0.151;1;3;-1;0;0
394;393;0.017;1;3;1;419;356
394;443;0.164;1;3;-1;460;346
395;271;0.049;1;3;1;0;259
395;316;0.074;1;3;-1;314;298
395;431;0.226;1;3;1;257;464
396;380;0.121;1;3;-1;381;375
396;388;0.247;1;3;-1;0;381
396;397;0.012;1;3;1;0;449
397;275;0.206;1;3;-1;375;0
397;396;0.012;1;3;-1;0;380
397;449;0.102;1;3;1;445;469
398;327;0.125;1;3;1;326;331
398;390;0.351;1;3;1;331;389
398;399;0.243;1;3;-1;407;326
398;408;0.126;1;3;-1;389;407
399;326;0.124;1;3;1;332;327
399;398;0.243;1;3;1;327;408
399;407;0.122;1;3;-1;408;491
400;315;0.112;1;3;-1;314;313
400;401;0.19;1;3;-1;313;384
400;402;0.216;1;3;1;440;314
400;439;0.082;1;3;1;0;440
401;313;0.11;1;3;-1;315;312
401;384;0.137;1;3;1;0;383
401;400;0.19;1;3;1;439;315
401;404;0.306;1;3;-1;0;0
402;314;0.108;1;3;1;316;315
402;392;0.217;1;3;1;391;316
402;400;0.216;1;3;-1;315;439
402;440;0.083;1;3;-1;439;391
403;392;0.104;1;3;-1;316;391
404;401;0.306;1;3;1;384;313
404;534;0.131;1;3;-1;312;0
404;601;0.233;1;3;1;0;0
405;366;0.203;1;3;1;276;367
406;277;0.5;1;3;-1;0;0
407;325;0.135;1;3;-1;321;0
407;399;0.122;1;3;1;0;398
407;408;0.249;1;3;-1;398;321
407;491;0.107;1;3;-1;359;0
408;321;0.121;1;3;-1;320;325
408;389;0.349;1;3;-1;390;320
408;398;0.126;1;3;1;399;390
408;407;0.249;1;3;1;325;399
409;379;0.1;1;3;1;377;381
409;490;0.222;1;3;-1;0;377
410;411;0.084;1;3;-1;471;493
410;496;0.05;1;3;-1;493;497
410;497;0.132;1;3;1;496;0
410;549;0.187;1;3;1;551;467
411;410;0.084;1;3;1;496;549
411;471;0.212;1;3;1;467;470
411;493;0.066;1;3;-1;494;496
412;364;0.084;1;3;-1;365;363
413;51;0.189;1;3;1;53;52
413;417;0.281;1;3;-1;494;521
413;495;0.129;1;3;1;52;497
413;522;0.163;1;3;-1;521;55
414;415;0.46;1;3;-1;435;427
414;418;0.25;1;3;1;511;492
414;445;0.134;1;3;1;465;435
415;414;0.46;1;3;1;0;445
415;416;0.293;1;3;-1;0;0
415;427;0.12;1;3;-1;429;428
415;435;0.242;1;3;-1;445;0
416;415;0.293;1;3;1;427;0
417;413;0.281;1;3;1;522;495
417;418;0.243;1;3;-1;492;511
417;494;0.124;1;3;-1;493;492
417;521;0.129;1;3;1;511;522
418;414;0.25;1;3;-1;445;0
418;417;0.243;1;3;1;521;494
418;492;0.125;1;3;1;494;465
418;511;0.127;1;3;-1;520;521
419;393;0.151;1;3;1;356;394
420;363;0.109;1;3;-1;0;326
420;421;0.084;1;3;-1;0;0
420;436;0.272;1;3;1;0;0
421;291;0.172;1;3;-1;0;292
421;420;0.084;1;3;1;363;0
421;436;0.5;1;3;-1;0;0
422;219;0.032;1;3;1;218;222
422;423;0.145;1;3;-1;0;0
422;424;0.116;1;3;1;573;0
423;422;0.145;1;3;1;219;0
423;425;0.329;1;3;-1;500;218
424;422;0.116;1;3;-1;0;219
424;573;0.009;1;3;1;0;589
425;218;0.02;1;3;1;221;219
425;423;0.329;1;3;1;0;0
425;426;0.5;1;3;-1;0;0
425;500;0.041;1;3;-1;0;0
426;425;0.5;1;3;1;218;500
427;415;0.12;1;3;1;435;416
427;428;0.009;1;3;-1;441;0
427;429;0.114;1;3;1;0;0
428;427;0.009;1;3;1;415;0
428;430;0.311;1;3;-1;0;0
428;441;0.131;1;3;-1;0;0
429;427;0.114;1;3;-1;0;415
430;428;0.311;1;3;1;0;441
431;257;0.267;1;3;1;259;256
431;395;0.226;1;3;-1;316;271
431;464;0.022;1;3;-1;466;0
432;87;0.5;1;3;1;0;88
432;343;0.497;1;3;-1;455;0
432;433;0.5;1;3;-1;0;0
433;432;0.5;1;3;1;87;343
434;308;0.125;1;3;-1;311;309
434;350;0.194;1;3;1;351;311
434;450;0.265;1;3;-1;309;451
435;415;0.242;1;3;1;0;427
435;445;0.241;1;3;1;465;449
435;449;0.309;1;3;-1;447;397
436;420;0.272;1;3;-1;0;363
436;421;0.5;1;3;1;0;0
436;444;0.112;1;3;1;528;480
437;220;0.5;1;3;-1;221;223
437;438;0.289;1;3;1;0;477
437;475;0.124;1;3;1;474;476
438;437;0.289;1;3;-1;475;0
438;477;0.113;1;3;-1;478;553
439;383;0.062;1;3;1;384;386
439;400;0.082;1;3;-1;402;401
439;440;0.23;1;3;-1;386;402
440;386;0.06;1;3;-1;383;385
440;391;0.215;1;3;-1;385;392
440;402;0.083;1;3;1;392;400
440;439;0.23;1;3;1;400;383
441;428;0.131;1;3;1;430;427
442;346;0.5;1;3;1;0;443
442;461;0.156;1;3;1;460;0
442;489;0.198;1;3;-1;0;0
443;346;0.103;1;3;-1;442;297
443;394;0.164;1;3;1;393;0
443;460;0.426;1;3;-1;523;0
444;436;0.112;1;3;-1;0;0
444;480;0.06;1;3;1;0;517
444;528;0.226;1;3;1;552;0
445;414;0.134;1;3;-1;415;418
445;435;0.241;1;3;-1;449;415
445;449;0.151;1;3;-1;469;435
445;465;0.018;1;3;1;0;492
446;176;0.5;1;3;-1;158;175
446;608;0.5;1;3;1;0;0
447;448;0.239;1;3;-1;494;470
447;449;0.242;1;3;1;469;445
447;469;0.09;1;3;1;470;449
447;492;0.128;1;3;-1;465;494
448;447;0.239;1;3;1;469;492
448;470;0.131;1;3;-1;471;469
448;494;0.127;1;3;1;492;493
449;397;0.102;1;3;-1;396;275
449;435;0.309;1;3;1;0;445
449;445;0.151;1;3;1;435;465
449;447;0.242;1;3;-1;492;469
449;469;0.228;1;3;-1;447;0
450;309;0.125;1;5;1;308;310
450;434;0.265;1;3;1;0;308
450;451;0.127;1;3;-1;472;473
450;544;0.257;1;3;-1;310;472
451;450;0.127;1;3;1;434;544
451;454;0.085;1;3;-1;0;353
451;472;0.255;1;3;1;544;499
451;473;0.11;1;3;-1;0;0
452;453;0.068;1;3;-1;502;352
452;454;0.035;1;3;1;353;0
452;499;0.254;1;3;-1;472;542
453;352;0.448;1;3;-1;318;353
453;452;0.068;1;3;1;0;499
453;502;0.046;1;3;1;531;503
454;353;0.452;1;3;1;352;351
454;451;0.085;1;3;1;473;472
454;452;0.035;1;3;-1;499;0
455;343;0.053;1;3;1;344;432
455;456;0.12;1;3;-1;462;345
455;457;0.229;1;3;-1;0;462
456;178;0.097;1;3;-1;177;179
456;345;0.213;1;3;1;201;170
456;455;0.12;1;3;1;0;457
456;462;0.265;1;3;-1;457;177
457;455;0.229;1;3;1;456;343
457;458;0.281;1;3;-1;0;462
457;462;0.133;1;3;-1;458;456
458;457;0.281;1;3;1;462;0
458;459;0.034;1;3;-1;0;184
458;462;0.213;1;3;1;177;457
459;88;0.311;1;3;-1;87;90
459;184;0.076;1;3;1;0;177
459;458;0.034;1;3;1;462;0
460;443;0.426;1;3;1;346;394
460;461;0.053;1;3;-1;486;442
460;523;0.027;1;3;1;0;0
461;442;0.156;1;3;-1;0;489
461;460;0.053;1;3;1;0;523
461;486;0.219;1;3;-1;487;0
462;177;0.106;1;3;-1;184;178
462;456;0.265;1;3;1;178;455
462;457;0.133;1;3;1;455;458
462;458;0.213;1;3;-1;457;459
463;357;0.063;1;3;1;356;355
463;483;0.037;1;3;-1;0;0
463;484;0.012;1;3;1;0;488
464;314;0.078;1;3;-1;315;316
464;431;0.022;1;3;1;395;0
464;466;0.226;1;3;1;518;315
465;445;0.018;1;3;-1;449;435
465;492;0.247;1;3;1;418;447
466;315;0.095;1;3;1;313;314
466;464;0.226;1;3;-1;314;431
466;518;0.034;1;3;-1;0;312
467;468;0.165;1;3;-1;569;0
467;471;0.018;1;3;1;0;411
467;549;0.097;1;3;-1;410;0
468;467;0.165;1;3;1;0;549
468;568;0.323;1;3;-1;569;605
468;569;0.331;1;3;-1;548;568
469;447;0.09;1;3;-1;449;448
469;449;0.228;1;3;1;397;447
469;470;0.286;1;3;-1;448;0
470;448;0.131;1;3;1;447;0
470;469;0.286;1;3;1;0;447
470;471;0.085;1;3;-1;411;0
471;411;0.212;1;3;-1;0;410
471;467;0.018;1;3;-1;549;0
471;470;0.085;1;3;1;0;448
472;26;0.257;1;3;1;27;29
472;451;0.255;1;3;-1;454;450
472;499;0.123;1;3;-1;29;452
472;544;0.125;1;3;1;450;27
473;451;0.11;1;3;1;450;454
474;475;0.096;1;3;-1;545;437
474;477;0.26;1;3;1;438;553
474;559;0.251;1;3;-1;584;547
475;437;0.124;1;3;-1;220;438
475;474;0.096;1;3;1;0;559
475;476;0.138;1;3;-1;540;0
475;545;0.051;1;3;1;0;556
476;221;0.5;1;3;-1;218;220
476;475;0.138;1;3;1;437;545
476;540;0.189;1;3;-1;0;0
477;438;0.113;1;3;1;437;0
477;474;0.26;1;3;-1;559;0
477;478;0.1;1;3;1;0;585
477;553;0.103;1;3;-1;585;594
478;477;0.1;1;3;-1;553;438
478;585;0.059;1;3;1;593;553
479;480;0.034;1;3;-1;517;0
479;481;0.274;1;3;1;506;482
480;444;0.06;1;3;-1;436;528
480;479;0.034;1;3;1;0;0
480;517;0.047;1;3;-1;0;0
481;479;0.274;1;3;-1;0;0
481;482;0.286;1;3;1;0;0
481;506;0.125;1;3;-1;0;0
482;481;0.286;1;3;-1;479;0
483;463;0.037;1;3;1;357;0
484;463;0.012;1;3;-1;0;357
484;485;0.057;1;3;1;0;498
484;488;0.143;1;3;-1;0;0
485;484;0.057;1;3;-1;488;0
485;487;0.066;1;3;1;0;524
485;498;0.21;1;3;-1;0;0
486;355;0.054;1;3;-1;357;105
486;461;0.219;1;3;1;0;460
486;487;0.094;1;3;-1;524;0
487;485;0.066;1;3;-1;498;0
487;486;0.094;1;3;1;355;461
487;524;0.03;1;3;-1;0;0
488;484;0.143;1;3;1;463;485
489;442;0.198;1;3;1;461;0
490;377;0.101;1;3;1;378;379
490;409;0.222;1;3;1;379;0
491;359;0.119;1;3;-1;197;0
491;407;0.107;1;3;1;399;325
492;418;0.125;1;3;-1;414;417
492;447;0.128;1;3;1;448;449
492;465;0.247;1;3;-1;445;0
492;494;0.241;1;3;1;417;448
493;411;0.066;1;3;1;410;0
493;494;0.085;1;3;-1;448;417
493;496;0.08;1;3;1;0;410
494;417;0.124;1;3;1;418;413
494;448;0.127;1;3;-1;0;447
494;492;0.241;1;3;-1;447;418
494;493;0.085;1;3;1;0;411
495;52;0.192;1;3;1;51;54
495;413;0.129;1;3;-1;417;51
495;497;0.082;1;3;-1;0;496
495;548;0.14;1;3;1;54;550
496;410;0.05;1;3;1;497;411
496;493;0.08;1;3;-1;411;0
496;497;0.118;1;3;1;495;410
497;410;0.132;1;3;-1;549;496
497;495;0.082;1;3;1;413;548
497;496;0.118;1;3;-1;410;0
498;485;0.21;1;3;1;484;487
499;29;0.259;1;3;-1;26;28
499;452;0.254;1;3;1;453;454
499;472;0.123;1;3;1;451;26
499;542;0.133;1;3;-1;28;541
500;425;0.041;1;3;1;426;423
502;453;0.046;1;3;-1;352;452
502;503;0.183;1;3;-1;0;0
502;531;0.063;1;3;1;0;532
503;502;0.183;1;3;1;453;531
506;481;0.125;1;3;1;0;479
507;197;0.094;1;3;1;196;359
511;418;0.127;1;3;1;417;414
511;512;0.09;1;3;-1;0;0
511;520;0.238;1;3;1;0;0
511;521;0.243;1;3;-1;0;417
512;511;0.09;1;3;1;521;520
515;516;0.196;1;3;-1;530;151
516;151;0.132;1;3;1;152;19
516;258;0.288;1;3;-1;519;0
516;515;0.196;1;3;1;0;0
516;530;0.26;1;3;-1;0;519
517;480;0.047;1;3;1;444;479
518;312;0.5;1;3;-1;82;534
518;466;0.034;1;3;1;0;464
518;519;0.107;1;3;-1;0;530
519;258;0.113;1;3;-1;256;516
519;518;0.107;1;3;1;312;0
519;530;0.49;1;3;1;516;63
520;511;0.238;1;3;-1;512;418
521;417;0.129;1;3;-1;413;418
521;511;0.243;1;3;1;418;512
521;522;0.179;1;3;-1;604;413
522;55;0.211;1;3;-1;24;53
522;413;0.163;1;3;1;51;417
522;521;0.179;1;3;1;417;0
522;604;0.082;1;3;-1;0;0
523;460;0.027;1;3;-1;461;443
523;524;0.197;1;3;1;0;0
524;487;0.03;1;3;1;485;486
524;523;0.197;1;3;-1;0;0
527;126;0.5;1;3;-1;0;0
527;528;0.198;1;3;-1;0;552
527;529;0.024;1;3;1;0;0
528;444;0.226;1;3;-1;480;436
528;527;0.198;1;3;1;126;529
528;552;0.109;1;3;-1;0;0
529;527;0.024;1;3;-1;528;126
529;593;0.019;1;3;1;580;585
530;63;0.059;1;3;-1;62;0
530;516;0.26;1;3;1;258;515
530;519;0.49;1;3;-1;518;258
531;502;0.063;1;3;-1;503;453
531;532;0.144;1;3;-1;0;0
531;541;0.091;1;3;1;0;537
532;531;0.144;1;3;1;502;541
534;312;0.191;1;3;1;518;82
534;354;0.062;1;3;-1;360;105
534;404;0.131;1;3;1;0;0
537;538;0.04;1;3;-1;0;0
537;539;0.1;1;3;1;543;0
537;541;0.175;1;3;1;531;542
538;537;0.04;1;3;1;541;0
539;537;0.1;1;3;-1;0;541
539;543;0.065;1;3;1;574;42
540;476;0.189;1;3;1;221;475
541;531;0.091;1;3;-1;532;0
541;537;0.175;1;3;-1;539;538
541;542;0.099;1;3;1;499;543
542;28;0.258;1;3;1;29;42
542;499;0.133;1;3;1;452;29
542;541;0.099;1;3;-1;537;0
542;543;0.118;1;3;-1;42;574
543;42;0.252;1;3;-1;28;43
543;539;0.065;1;3;-1;0;537
543;542;0.118;1;3;1;541;28
543;574;0.002;1;3;1;0;0
544;27;0.255;1;3;-1;21;26
544;310;0.128;1;3;1;309;21
544;450;0.257;1;3;1;451;309
544;472;0.125;1;3;-1;26;451
545;475;0.051;1;3;-1;476;474
545;546;0.207;1;3;1;0;556
545;556;0.169;1;3;1;575;0
546;545;0.207;1;3;-1;556;0
546;547;0.025;1;3;1;559;582
546;556;0.123;1;3;-1;575;545
547;546;0.025;1;3;-1;556;0
547;559;0.088;1;3;1;474;557
547;582;0.014;1;3;-1;44;0
548;54;0.19;1;3;-1;52;56
548;495;0.14;1;3;-1;497;52
548;550;0.059;1;3;1;0;0
548;569;0.094;1;3;1;0;468
549;410;0.187;1;3;-1;411;497
549;467;0.097;1;3;1;468;471
549;551;0.084;1;3;-1;0;0
550;548;0.059;1;3;-1;495;569
550;551;0.154;1;3;1;0;0
551;549;0.084;1;3;1;0;410
551;550;0.154;1;3;-1;0;0
552;528;0.109;1;3;1;527;444
553;477;0.103;1;3;1;474;478
553;554;0.119;1;3;-1;581;584
553;585;0.124;1;3;1;478;581
553;594;0.124;1;3;-1;584;0
554;30;0.126;1;3;-1;9;31
554;553;0.119;1;3;1;594;585
554;581;0.146;1;3;1;585;32
554;584;0.144;1;3;-1;31;594
555;4;0.123;1;3;-1;5;3
555;69;0.112;1;3;1;70;30
555;145;0.109;1;3;-1;3;146
555;595;0.144;1;3;1;146;70
556;545;0.169;1;3;-1;475;546
556;546;0.123;1;3;1;545;547
556;575;0.087;1;3;-1;582;583
557;558;0.297;1;3;-1;595;44
557;559;0.08;1;3;1;547;584
557;606;0.294;1;3;-1;0;0
558;44;0.129;1;3;1;0;582
558;557;0.297;1;3;1;0;606
558;560;0.32;1;3;-1;0;0
558;595;0.222;1;3;-1;70;146
559;474;0.251;1;3;1;475;477
559;547;0.088;1;3;-1;0;546
559;557;0.08;1;3;-1;0;0
559;584;0.166;1;3;1;594;31
560;558;0.32;1;3;1;44;595
561;562;0.023;1;3;-1;378;588
561;602;0.303;1;3;-1;0;0
562;378;0.058;1;3;-1;0;377
562;561;0.023;1;3;1;0;602
562;588;0.18;1;3;-1;0;0
563;342;0.059;1;3;1;341;0
568;56;0.194;1;3;-1;54;57
568;468;0.323;1;3;1;0;467
568;569;0.087;1;3;-1;468;0
568;605;0.16;1;3;1;58;607
569;468;0.331;1;3;1;0;467
569;548;0.094;1;3;-1;550;54
569;568;0.087;1;3;1;56;468
573;424;0.009;1;3;-1;0;422
573;583;0.052;1;3;-1;222;575
573;589;0.104;1;3;1;0;590
574;543;0.002;1;3;-1;542;539
575;556;0.087;1;3;1;0;546
575;582;0.09;1;3;1;0;44
575;583;0.024;1;3;-1;573;0
580;33;0.11;1;3;1;0;32
580;581;0.116;1;3;-1;32;585
580;593;0.111;1;3;-1;585;529
581;32;0.113;1;3;1;33;9
581;554;0.146;1;3;-1;30;553
581;580;0.116;1;3;1;593;33
581;585;0.115;1;3;-1;553;593
582;44;0.409;1;3;-1;558;45
582;547;0.014;1;3;1;546;0
582;575;0.09;1;3;-1;0;556
583;222;0.077;1;3;-1;0;0
583;573;0.052;1;3;1;589;0
583;575;0.024;1;3;1;556;0
584;31;0.12;1;3;-1;30;0
584;554;0.144;1;3;1;553;30
584;559;0.166;1;3;-1;557;474
584;594;0.108;1;3;1;0;553
585;478;0.059;1;3;-1;477;0
585;553;0.124;1;3;-1;554;477
585;581;0.115;1;3;1;580;554
585;593;0.131;1;3;1;529;580
588;562;0.18;1;3;1;561;378
589;573;0.104;1;3;-1;424;583
589;590;0.05;1;3;1;0;598
590;589;0.05;1;3;-1;573;0
590;591;0.122;1;3;1;0;0
590;598;0.036;1;3;-1;603;0
591;2;0.004;1;3;1;0;0
591;590;0.122;1;3;-1;598;0
591;603;0.06;1;3;-1;0;0
592;67;0.11;1;3;-1;66;68
592;103;0.116;1;3;1;102;0
592;143;0.112;1;3;1;142;102
592;599;0.122;1;3;-1;68;142
593;68;0.351;1;3;1;0;67
593;529;0.019;1;3;-1;0;0
593;580;0.111;1;3;1;0;581
593;585;0.131;1;3;-1;581;478
594;553;0.124;1;3;1;477;554
594;584;0.108;1;3;-1;554;559
595;70;0.109;1;3;1;0;69
595;146;0.111;1;3;-1;145;0
595;555;0.144;1;3;-1;69;145
595;558;0.222;1;3;1;560;557
598;590;0.036;1;3;1;589;591
598;603;0.061;1;3;1;0;0
599;68;0.109;1;3;-1;67;0
599;142;0.109;1;3;1;144;143
599;592;0.122;1;3;1;143;67
600;25;0.277;1;3;1;37;23
601;404;0.233;1;3;-1;0;0
602;561;0.303;1;3;1;562;0
603;591;0.06;1;3;1;0;0
603;598;0.061;1;3;-1;0;590
604;23;0.495;1;3;-1;0;0
604;522;0.082;1;3;1;55;521
605;58;0.196;1;3;1;57;59
605;568;0.16;1;3;-1;468;56
605;607;0.079;1;3;-1;0;0
606;557;0.294;1;3;1;558;0
607;605;0.079;1;3;1;568;0
608;446;0.5;1;3;-1;0;0
609;278;0.5;1;3;1;0;0
610;186;0.5;1;3;1;0;172
